Sujets,Membres,Verbes,Adjectifs,Compléments
La transformation digitale,Tef,orchestrer,scalable,une expérience client sans couture
L'écosystème partenarial,Guef,challenger,proactive,un business model évolutif
Le plan de développement,Juju,booster,transverse,une analyse prédictive
Le pôle d'excellence,Choé,prioriser,data-driven,une stratégie de benchmark
La méthode agile,Elise,fluidifier,customer-centric,des quick wins identifiables
Le leadership collaboratif,Bruno,structurer,phygitale,un product market fit
Notre stratégie omnicanale,Arnaud,monétiser,exploratoire,une approche customer-centric
La feuille de route,Cédric,initier,opérationnelle,un proof of concept
La gouvernance projets,Isa,accélérer,durable,une roadmap évolutive
L'intelligence collective,Vinc,propulser,frugale,une approche design thinking
La matrice décisionnelle,Vincent,capitaliser sur,évolutive,un time-to-market optimisé
La dynamique d'innovation,Loysloys,consolider,expérientielle,la verticale de l’énergie
Le socle technologique,Mathieu,scalabiliser,design-thinking,la cloche solaire
L'incubateur interne,Nathalie,explorer,hybride,les kpi
La flexibilité aval,Riccardo,révolutionner,bottom-up,
,Juan,rentabiliser,cross-canal,
,Florence,actionner,interopérable,
,Myriam,onboarder,omnicanal,
,,pitcher,disruptif,
,,cruncher,holistique,
,,leverager,,
